Year,Month,Date,Hours,Minutes,Name,Latitude,Longitude,Focal Depth (km),Magnitude,Deaths,Injuries,Damage
1980,1,1,16,42,"AZORES: TERCEIRA, ANGRA DO HEROISMO",38.727,-27.75,13,6.9,69,600,5
1980,1,24,19,0,CALIFORNIA: LIVERMORE,37.855,-121.816,11,5.9,41,50,11.5
1980,5,18,20,2,BALKANS NW: SERBIA,43.294,20.837,9,5.8,4,30,5
1980,5,25,16,33,CALIFORNIA: MAMMOTH LAKES,37.6,-118.84,7,6.1,0,7,2
1980,6,9,3,28,MEXICO: NW,32.22,-114.985,5,6.4,1,100,
1980,6,29,7,20,JAPAN: HONSHU: S COAST,34.808,139.181,15,6.2,0,7,
1980,8,18,15,7,"ECUADOR: W, GUAYAQUIL",-1.948,-80.017,55,5.6,8,100,5
1980,8,23,21,36,INDIA: KASHMIR,32.913,75.633,25,4.9,15,40,
1980,9,24,17,54,"JAPAN: TOKYO, YOKOHAMA",35.45,139.964,73,6,2,73,1
1980,10,10,12,25,ALGERIA: NORTHERN,36.195,1.354,10,7.7,5000,9000,5200
1980,11,23,18,34,"ITALY: AVELLINO, POTENZA, CASERTA, NAPLES",40.914,15.366,20,6.9,4689,7700,20000
1980,12,22,12,51,"IRAN: N CENTRAL, TEHRAN",34.503,50.59,41,5.2,3,139,1
1981,1,23,21,13,CHINA: SICHUAN PROVINCE,30.927,101.098,33,6.8,150,489,5
1981,2,24,20,53,GREECE: ATHENS-EASTERN GULF OF CORINTH,38.222,22.934,33,6.7,22,400,812
1981,3,4,21,58,GREECE: ATHENS-CORINTH-KHALIS,38.209,23.288,29,6.4,1,9,
1981,4,18,0,32,PERU: AYACUCHO,-13.144,-74.376,38,4.8,8,15,
1981,7,28,17,22,"IRAN: SE, KERMAN",30.013,57.794,33,7.1,3000,1000,1000
1981,9,12,7,15,PAKISTAN: GILGIT,35.693,73.594,33,5.9,220,2500,5
1981,12,12,20,26,PAKISTAN: CENTRAL,29.856,66.962,33,4,6,12,
1982,3,28,4,16,MEXICO: CHIAPAS,17.25,-93.21,9,3.5,10,200,
1982,6,15,23,24,CHINA: SICHUAN PROVINCE: GARZE,31.907,99.931,10,5.5,10,5,
1982,9,29,5,50,HONDURAS-GUATEMALA-EL SALVADOR,14.487,-89.121,12,5.1,3,2,
1982,11,16,23,41,"BALKANS NW: ALBANIA: BIER, BERAT, LUSHNJE",40.883,19.59,21,5.5,1,12,5
1982,12,13,9,12,YEMEN: DHAMAR,14.701,44.379,5,6,2800,1500,2000
1982,12,16,0,40,AFGHANISTAN: NORTHEASTERN,36.148,69.011,36,6.6,500,3000,1
1982,12,25,12,28,INDONESIA: FLORES ISLAND: EASTERN,-8.405,123.08,33,5.9,13,390,1.45
1983,3,25,11,57,"IRAN: TEHRAN, DAMAVOND, AMOI",35.953,52.264,33,4.9,30,61,5
1983,3,31,13,12,"COLOMBIA: SW, POPAYAN",2.461,-76.686,22,4.9,350,1200,410.9
1983,5,26,2,59,JAPAN: HONSHU: AKITA,40.462,139.102,24,7.7,4,324,800
1983,7,3,17,14,COSTA RICA: SAN JOSE,9.652,-83.688,33,6.2,2,60,5
1983,7,5,12,1,"TURKEY: NW, BIGA, ERDEK, ISTANBUL",40.324,27.222,10,6.1,5,26,
1983,7,22,2,41,"IRAN: NW, ZANJIN",36.948,49.18,41,5,3,41,5
1983,8,8,3,47,JAPAN: HONSHU: S COAST,35.5,139.07,25,5.3,1,28,
1983,8,17,12,17,PHILIPPINES: LUZON,18.231,120.86,29,6.5,16,47,2.227
1983,10,4,18,52,CHILE: NORTHERN: COPOAPO-CHANARAL,-26.535,-70.563,15,7.3,5,12,1
1983,10,25,0,36,INDONESIA: CENTRAL SULAWESI,1.131,120.858,33,6.1,2,4,
1983,10,28,14,6,"IDAHO: BORAH PEAK, CHALLIS, MACKAY",43.974,-113.916,14,7.3,2,2,12.5
1983,10,30,4,12,"TURKEY: ERZURUM, KARS, KHORASAN, PASINLER, NARMAN",40.33,42.187,12,6.9,1342,1142,25
1983,11,6,21,9,"CHINA: E, HEZE-DONGMING, SHANDONG PROVINCE",35.206,115.213,19,5.3,34,2200,5
1983,11,8,0,49,BELGIUM,50.696,5.346,10,5,2,30,50
1983,12,22,4,11,GUINEA: GAOUAL-KOUMBIA,11.866,-13.529,11,6.2,443,1436,8
1983,12,30,23,52,"AFGHANISTAN: HINDU KUSH: KABUL, SAMANGAN; PAKISTAN",36.372,70.738,215,7.2,26,483,3
1984,1,8,15,24,INDONESIA: SULAWESI: W,-2.823,118.806,33,6.6,2,89,0.5
1984,2,1,14,22,"AFGHANISTAN: KHOROG, JALALABAD; PAKISTAN",34.616,70.484,33,5.8,1,35,5
1984,2,16,17,18,PAKISTAN-NW AFGHANISTAN: HINDU KUSH: CHITRAL-LANDI,36.431,70.826,208,6.1,4,13,5
1984,4,29,5,3,ITALY: CENTRAL: :PERUGIA-ASSISSI-GUBBIO,43.26,12.558,12,5.3,3,200,25
1984,5,7,17,49,ITALY: S CENTRAL: ABRUZZO,41.765,13.898,10,5.8,3,100,5
1984,5,11,10,41,ITALY: S CENTRAL: ABRUZZO,41.831,13.961,14,5.2,3,63,
1984,9,18,13,26,"TURKEY: E, ERZURUM, OLUR-SENKAYA",40.885,42.219,10,6.4,3,38,
1984,10,18,9,46,"TURKEY: E, SENKAYA",40.545,42.403,60,5.3,3,35,
1984,12,30,23,33,"INDIA: ASSAM, CACHAR DISTRICT",24.641,92.891,23,5.6,20,100,
1985,1,26,3,6,"ARGENTINA: WEST CENTRAL, MENDOZA, LA LIGUA",-33.053,-68.467,5,6.9,6,238,5
1985,2,2,20,52,"IRAN: S, FIRUZABAD-JAHROM",28.399,52.997,37,5.3,1,80,
1985,3,3,22,47,"CHILE: CENTRAL COAST, SAN ANTONIO, VALPARAISO",-33.132,-71.708,40,8,180,2575,1500
1985,3,18,19,49,"PHILIPPINES: PAGADIAN, ZAMBOANGA",7.758,123.544,33,6.5,2,25,
1985,4,18,5,52,CHINA: YUNNAN PROVINCE,25.926,102.871,5,5.8,23,300,1
1985,4,24,1,7,"PHILIPPINES: LUZON: BENGUET PROVINCE, BAGUIO",16.498,120.815,33,6.1,6,11,
1985,7,29,7,54,"AFGHANISTAN: HINDU KUSH: CHITRAL, SWAT",36.19,70.896,99,6.6,5,38,2
1985,8,23,12,41,CHINA: S XINJIANG: WUQUA-SHUFU,39.431,75.224,7,7.5,71,162,5
1985,9,15,2,42,INDONESIA: NEW GUINEA: IRIAN JAYA: ENAROTALI,-4.13,136.049,10,6.3,10,7,
1985,9,19,13,17,MEXICO: MICHOACAN: MEXICO CITY,18.19,-102.533,28,8.1,9500,30000,4000
1985,10,13,15,59,"TAJIKISTAN: KAPTOLYUK, KAYRAKKUM, GAFUROV",40.301,69.823,16,5.9,29,80,200
1985,12,25,2,38,ITALY: SICILY,37.688,15.068,10,4.3,1,14,
1986,4,5,20,14,PERU: CUZCO,-13.41,-71.785,51,4.6,16,170,22
1986,4,26,7,35,"INDIA: KASHMIR: DHARMSALA, LAHORE, PAKISTAN",32.128,76.374,33,5.3,6,30,
1986,5,5,3,35,"TURKEY: DOGANSEHIR-GOLBASHI, KAPIDERE",37.993,37.806,10,5.9,15,100,5
1986,5,20,5,25,TAIWAN: HUALIEN,24.125,121.619,19,6.4,1,5,
1986,6,11,13,48,VENEZUELA,10.597,-62.928,19,6.2,2,45,1
1986,7,12,7,54,"IRAN: S, FARS PROVINCE, MAMASANI, SHIRAZ",29.962,51.582,10,5.6,1,4,
1986,8,30,21,28,"ROMANIA: BUCHAREST, KISHINEV-KAGUL",45.547,26.316,132,6.9,2,558,730
1986,9,13,17,24,"GREECE: KALAMI, LAKONIA, ZAKINTHOS",37.014,22.176,11,5.8,20,300,5
1986,10,10,17,49,EL SALVADOR: SAN SALVADOR,13.827,-89.118,7,5.4,1100,10000,1500
1986,11,14,21,20,"TAIWAN: TAIPEI, HUALIEN",23.901,121.574,34,7.8,15,44,
1986,12,7,14,17,BULGARIA: VELIKO TURNOVO-TURGOVISHTE,43.274,25.912,21,5.6,3,60,5
1987,1,26,11,11,"ALGERIA: MOHAMMADIA, QUED, FODDA, TISSEMSILT",35.964,1.374,10,4.3,1,7,1
1987,3,2,1,42,"NEW ZEALAND: NORTH ISLAND, WHAKATANI, EDGECUMBE",-37.965,176.765,19,6.6,1,25,210
1987,3,18,3,36,"JAPAN: KYUSHU: MIYAZAKI, NAZE",32.034,131.837,54,6.7,2,5,
1987,4,25,19,22,"INDONESIA: SUMATERA: N, TARUTUNG-LAKE TOBA,",2.244,98.866,11,6.6,2,22,1
1987,5,23,17,9,PHILIPPINES: MINDANAO: TALAKAG-MALAYBALAY,8.047,125.41,32,5.2,1,2,
1987,5,29,6,27,"IRAN: W, NAHAVAND-HAMADEN-TUYSARKAN",34.076,48.266,41,4.6,2,50,
1987,8,8,15,48,"CHILE: ARICA, IQUIQUE",-19.022,-69.991,70,6.9,5,112,1
1987,8,13,15,23,"CHILE: ARICA; PERU: AREQUIPA, TACNA",-17.897,-70.931,37,6.4,1,1,
1987,9,22,13,43,"ECUADOR: AMBATO, LATACUNGA, RIOBAMBA",-0.978,-78.05,10,6.2,2,12,
1987,10,1,14,42,CALIFORNIA: WHITTIER,34.061,-118.078,10,5.7,8,200,358
1987,11,26,1,43,"INDONESIA: TIMOR: PANTAR, MOUNT SIRUNG",-8.247,124.155,33,6.5,125,108,5
1988,2,6,14,50,BANGLADESH: SYLHET; INDIA: TIPURA-ASSAM,24.688,91.57,33,5.8,2,100,
1988,6,19,20,19,"PHILIPPINES: MINDORO: SAN JOSE, CALAPAN",12.376,121.067,17,6.2,2,2,
1988,7,20,23,15,"TAIWAN: HUALIEN, SU-HUA",23.902,121.598,51,5.7,1,1,
1988,11,6,13,3,CHINA: YUNNAN PROVINCE,22.789,99.611,18,7.3,738,3900,269
1989,3,10,21,49,"MALAWI: SALIMA, DEDZA, MOHINJI",-13.702,34.42,30,6.1,9,100,28
1989,4,15,20,34,CHINA: SICHUAN PROVINCE: BATANG,29.987,99.195,13,6.2,11,42,164
1989,5,7,0,38,"CHINA: YUNNAN PROVINCE: GENGMA, LANCANG, MENGLIAN",23.553,99.526,33,5.6,1,91,54
1989,8,20,11,16,"DJIBOUTI: GALAFI, YABAKI",11.766,41.942,12,6.3,2,2,
1989,9,22,2,25,CHINA: SICHUAN PROVINCE: XIAOJIN COUNTY,31.583,102.433,15,6.1,1,151,
1989,10,18,0,4,CALIFORNIA: LOMA PRIETA,37.036,-121.883,19,6.9,62,3757,5600
1989,10,18,14,57,CHINA: SHANXI AND HEBEI PROVINCES; DATONG,39.893,113.884,10,5.3,29,193,
1989,10,29,19,9,"ALGERIA: ALGIERS, CHERCHELL, TIPAZA",36.788,2.448,6,5.7,30,245,5
1989,11,20,3,21,CHINA: SICHUAN PROVINCE: JIANGBEI COUNTY,29.882,106.804,33,4.7,4,161,5
1989,11,20,4,19,"IRAN: SHAHDAD, KERMAN PROVINCE",29.892,57.718,18,5.9,3,45,
1989,12,27,23,26,AUSTRALIA: NEWCASTLE,-32.967,151.619,10,5.4,12,100,1000
1990,3,4,19,46,"PAKISTAN: KALAT, QUETTA, MASTUNG",28.925,66.331,10,6.1,11,40,1
1990,3,26,22,47,PHILIPPINES: SANTIAGO,9.253,125.606,39,5.5,1,2,
1990,4,18,13,39,INDONESIA: MINAHASSA PENINSULA: BOLAANG-GORONTALO,1.186,122.857,26,7.6,3,25,
1990,4,26,9,37,CHINA: QINGHAI PROVINCE: GANGHE-XINGHAI,35.986,100.245,8,6.9,126,2049,58.35
1990,5,5,7,21,ITALY: POTENZA,40.775,15.766,10,5.4,2,16,
1990,5,30,2,34,PERU: MOYABAMBA-RIOJO,-6.016,-77.229,24,6.5,200,8130,1
1990,5,30,10,40,"ROMANIA: BUCHAREST, BRAILA, BRASOV",45.841,26.668,89,6.7,14,700,23.7
1990,6,14,7,40,"PHILIPPINES: CULASI, PANAY",11.76,121.899,18,7.1,4,15,
1990,6,20,21,0,"IRAN: RASHT, QAZVIN, ZANJAN, RUDBAR, MANJIL",36.957,49.409,19,7.3,40000,105000,7200
1990,7,16,7,26,"PHILIPPINES: BAGUIO, CABANATUAN, DAGUPAN",15.679,121.172,25,7.8,2412,3000,369.6
1990,8,11,2,59,"ECUADOR: PAMASQUI, QUITO",-0.059,-78.449,5,4.4,4,10,
1990,9,26,23,8,SOUTH AFRICA: WELKOM,-28.014,26.727,5,4.2,2,5,
1990,10,18,9,30,SOUTH AFRICA: CHARLETONVILLE,-26.39,27.349,5,4,10,6,
1990,10,20,8,7,CHINA: GANSU PROVINCE: TIANZHU,37.093,103.781,12,5.8,7,92,
1990,10,25,4,53,"AFGHANISTAN: HINDU KUSH: CHITRAL, MARDAN, MALAKAND",35.121,70.486,114,6,11,250,
1990,11,6,18,45,"IRAN: S, DARAB",28.251,55.462,11,6.7,22,100,232.3
1990,11,15,2,34,"INDONESIA: N SUMATERA, BLANGKEJEREN, KUTACANE",3.908,97.457,48,6.8,1,32,2.1
1990,12,13,0,24,ITALY: SICILY: CARLENTINI,37.3,15.438,11,5.3,19,200,500
1990,12,13,3,1,"TAIWAN: HUALIEN, TAIPEI",23.916,121.636,12,6.2,2,3,
1990,12,21,6,57,"GREECE: EDHESSA, KILKIS",41.004,22.3,13,5.9,1,60,
1990,12,22,17,27,"COSTA RICA: ALAJUELA, SANTIAGO DE PURISCAL",9.869,-84.302,17,5.7,2,350,19.5
1991,1,31,23,3,"AFGHANISTAN: BADAKHSTAN, BAGHLAN, LAGHMAN, NAGARHAR",35.993,70.423,142,6.4,848,200,36
1991,4,5,4,19,"PERU: RIOJA, MOYOBAMBA, NUEVA CAJAMARCA",-5.982,-77.094,20,6.7,53,252,
1991,4,22,21,56,"COSTA RICA: LIMON, PANDORA; PANAMA",9.685,-83.073,10,7.6,87,895,510
1991,4,24,10,54,TURKEY: ERZURUM PROVINCE,39.597,41.118,33,4.5,1,3,
1991,6,15,0,59,"GEORGIA: DZHAVA, TSKHINVALI, OSSETIA",42.461,44.009,9,6.1,8,200,
1991,6,28,14,43,"CALIFORNIA: ARCADIA, GLENDALE, LOS ANGELES",34.262,-118.002,11,5.1,2,104,33.5
1991,7,4,11,43,"INDONESIA: TIMOR: KALABAHI, DILI",-8.099,124.681,29,6.5,28,181,7.7
1991,7,12,10,42,"ROMANIA: BANLOC, DETA, TIMISOARA",45.364,21.057,11,5.6,2,30,
1991,7,23,19,44,"PERU: MACA, CHIVAY, YANQUE",-15.679,-71.574,5,4.7,92,30,
1991,9,18,9,48,"GUATEMALA: GUATEMALA CITY, PACHUTA, SOLOLA",14.646,-90.986,5,6.2,25,200,
1991,10,19,21,23,"INDIA: CHAMOLI, UTTARKASHI, NEW DELHI, CHANDIGARH",30.78,78.774,10,7,2000,1800,60
1991,11,22,0,40,YEMEN: WESTERN ARABIAN PENINSULA,13.887,44.068,10,4.7,11,40,
1991,11,28,17,19,"IRAN: RUDBAR, RASHT",36.924,49.603,16,5,1,70,
1992,3,4,11,57,IRAN: LORDEGAN ARDAL AREA,31.726,50.778,18,4.6,6,50,
1992,3,13,17,18,TURKEY: ERZINCAN,39.71,39.605,27,6.9,653,2000,750
1992,4,13,1,20,"THE NETHERLANDS: ROERMOND; GERMANY: BONN, HEINSBERG",51.153,5.798,21,5.2,1,45,100
1992,5,20,12,20,"PAKISTAN: PESHAWAR, KOHAT, SHAKKAR KHEL",33.377,71.317,16,6,36,100,
1992,6,28,11,57,"CALIFORNIA: LANDERS, YUCCA VALLEY",34.201,-116.436,1,7.6,3,400,92
1992,8,28,0,50,PAKISTAN: KALAT,29.087,66.74,9,5.5,4,200,
1992,9,8,0,38,IRAN: FIRUZABAD,29.134,52.187,18,4.7,1,11,
1992,9,11,3,57,CONGO: KABALO,-6.087,26.651,11,7,8,37,
1992,10,12,13,9,EGYPT: CAIRO,29.778,31.144,22,5.3,545,6512,1200
1992,10,18,15,11,"COLOMBIA: MURINDO, APARTADO, MEDELLIN",7.075,-76.862,10,7.4,11,115,
1992,12,12,5,29,"INDONESIA: FLORES REGION, MAUMERE, BABI",-8.48,121.896,28,7.8,1000,500,100
1993,3,12,14,1,FUTUNA ISLAND,-14.385,-178.252,10,6.4,5,201,
1993,3,20,14,51,CHINA: TIBET (XIZANG PROVINCE): NGAMRING,29.084,87.333,12,6.2,2,3,
1993,7,10,20,40,"COSTA RICA: TURRIALBA, CARTAGO",9.821,-83.622,20,5.8,2,9,
1993,7,12,13,17,JAPAN: HOKKAIDO; RUSSIA: SOUTHEAST; SOUTH KOREA,42.851,139.197,17,7.7,23,233,1207
1993,8,1,0,20,SUDAN: KHARTOUM,15.385,31.69,13,5.5,2,9,
1993,9,10,19,12,GUATEMALA: SOUTHWEST; MEXICO: CHIAPAS,14.717,-92.645,34,7.2,1,3,
1993,9,29,22,25,"INDIA: LATUR-OSMANABAD, KILLARI",18.066,76.451,7,6.2,11000,30000,300
1993,10,13,2,6,PAPUA NEW GUINEA: EASTERN: UPPER MARKHAM VALLEY,-5.889,146.02,25,6.9,60,200,5
1994,1,17,12,30,CALIFORNIA: NORTHRIDGE,34.213,-118.537,18,6.7,60,7000,40000
1994,1,21,2,24,INDONESIA: KAU,1.015,127.733,20,7,9,300,
1994,2,15,17,7,"INDONESIA: SOUTHERN SUMATERA, LIWA, LAMPUNG",-4.967,104.302,23,6.9,207,2000,170.476
1994,3,1,3,49,IRAN: SOUTHERN: FIRUZABAD,29.096,52.617,13,6.1,2,50,
1994,6,5,1,9,"TAIWAN: CHI-LUNG, I-LAN, TAIPEI, NAN-AO",24.511,121.905,11,6.4,1,2,
1994,6,20,9,9,"IRAN: FIRUZABAD, SHIRAZ",28.968,52.614,9,5.9,3,100,
1994,10,4,13,22,RUSSIA: KURIL ISLANDS; JAPAN: HOKKAIDO,43.773,147.321,14,8.3,11,382,
1994,10,8,21,44,INDONESIA: HALMAHERA,-1.258,127.98,17,6.8,1,52,
1994,11,14,19,15,PHILIPPINES: MINDORO,13.525,121.067,32,7.1,81,225,3.7
1994,12,28,12,19,JAPAN: HONSHU,40.525,143.419,27,7.8,3,200,170.4
1995,1,16,20,46,"JAPAN: SW HONSHU: KOBE, AWAJI-SHIMA, NISHINOMIYA",34.583,135.018,22,6.9,5502,36896,100000
1995,2,8,18,40,"COLOMBIA: CALI, PEREIRA, ARMENIA, CALARCA",4.104,-76.622,74,6.4,45,400,50
1995,2,23,21,3,"CYPRUS: PAPHOS, NICOSIA, ARODHES, PERISTERONA",35.046,32.279,10,5.9,2,5,4.34
1995,5,27,13,3,"RUSSIA: SAKHALIN IS: NEFTEGORSK, OKHA, MOSKALVO",52.629,142.827,11,7.1,1989,750,300
1995,6,15,0,15,"GREECE: AIYION, ERATINI",38.401,22.283,14,6.5,26,60,660
1995,7,11,21,46,"CHINA: YUNNAN PROVINCE: LANCANG, MENGLIAN; THAILAND",21.966,99.196,13,6.8,11,136,36.1
1995,7,21,22,44,"CHINA: GANSU, YONGDENG, BAIYIN, DINGXI, JINGTAI",36.427,103.123,13,5.6,14,60,
1995,7,30,5,11,"CHILE: ANTOFAGASTA, CALAMA, MEJILLONES",-23.34,-70.294,46,8,3,58,1.66
1995,9,14,14,4,"MEXICO: GUERRERO, OAXACA, PUEBLA, MEXICO CITY",16.779,-98.597,23,7.4,3,100,
1995,10,1,15,57,"TURKEY: DINAR, EVCILER",38.063,30.134,33,6.4,95,348,205.8
1995,10,3,1,51,ECUADOR: QUITO,-2.75,-77.881,24,7,2,5,
1995,10,6,18,9,"INDONESIA: SUMATERA, JAMBI PROVINCE",-2.045,101.436,33,6.8,84,1868,
1995,10,9,15,35,"MEXICO: JALISCO, MANZANILLO, SAN PATRICIO MELAQUE",19.055,-104.205,33,8,49,200,
1995,10,23,22,46,CHINA: YUNNAN PROVINCE: WUDING,26.003,102.227,10,6.2,81,800,80
1995,11,22,4,15,EGYPT: NUWAYBI; SAUDI ARABIA; ISRAEL; JORDAN,28.826,34.799,10,7.2,11,47,
1996,2,3,11,14,CHINA: YUNNAN PROVINCE: LIJIANG,27.291,100.276,11,6.6,322,17057,506
1996,2,17,5,59,"INDONESIA: NEW GUINEA: IRIAN JAYA: BIAK, SUPIORI",-0.891,136.952,33,8.2,54,423,4.2
1996,3,19,15,0,"CHINA: S. XINJIANG: ARTUX, JIASHI, BACHU, KASHI",39.993,76.696,28,6.3,24,128,24
1996,5,3,3,32,"CHINA: NEI MONGOL: BAOTOU, BEIJING, HOHHOT",40.774,109.661,26,6,23,330,
1996,11,12,16,59,"PERU: CHINCHA ALTA, ACARI, NAZCA, MARCONA",-14.993,-75.675,33,7.7,14,560,
1997,1,21,1,48,CHINA: SOUTHERN XINJIANG: JIASHI COUNTY,39.474,76.998,33,5.9,12,40,
1997,2,4,10,37,"IRAN: BOJNURD, SHIRVAN, ESFARAYEN",37.661,57.291,10,6.5,88,1948,30
1997,2,28,12,57,IRAN: ARDABIL,38.075,48.05,10,6.1,1100,2600,
1997,3,1,6,4,"CHINA: S. XINJIANG, JIASHI COUNTY, KASHI",39.422,76.839,22,5.6,2,6,
1997,4,11,5,34,"CHINA: S. XINJIANG, BACHU, SHULE, YINGJISHA",39.527,76.941,15,6.2,9,89,
1997,5,10,7,57,"IRAN: BIRJAND, GHAEN",33.825,59.809,10,7.2,1728,2300,100
1997,5,21,22,51,INDIA: SOUTHERN: JABALPUR,23.083,80.041,36,5.8,56,1000,143
1997,7,9,19,24,VENEZUELA: CARIACO-CUMANA,10.598,-63.486,20,7,81,522,81
1997,7,21,8,45,SOUTH AFRICA: AVGOLD'S HARTEBEESTFONTEIN MINE,-26.857,26.619,5,5,15,46,
1997,9,26,9,40,"ITALY: CENTRAL: MARCHE, UMBRIA",43.084,12.812,10,6,14,100,4524.9
1997,9,28,1,38,"INDONESIA: SULAWESI, PAREPARE",-3.776,119.727,33,5.9,20,300,1.1
1997,10,15,1,3,"CHILE: PUEBLO NUEVO, COQUIMBO, LA CHIMBA",-30.933,-71.22,58,7.1,8,300,48
1997,11,21,11,23,"INDIA-BANGLADESH: CHITTAGONG, BANGLADESH",22.212,92.702,54,6.1,23,200,
1998,1,10,3,50,"CHINA: NORTHEASTERN: SHANGYI-ZHANGBEI, HEBEI",41.083,114.5,30,5.7,70,11500,285.5
1998,2,4,14,33,AFGHANISTAN: ROSTAQ; TAJIKISTAN: DUSHANBE,37.075,70.089,33,5.9,2323,818,
1998,2,20,12,18,"AFGHANISTAN-TAJIKISTAN: YAR HUSAIN, ASTOR",36.479,71.086,236,6.4,1,11,
1998,3,14,19,40,"IRAN: GOLBAF, BAFT, KERMAN",30.154,57.605,9,6.6,5,50,
1998,4,10,15,0,"IRAN: BIRJAND, GONABAD",32.457,59.976,33,5.8,12,10,
1998,5,22,4,48,"BOLIVIA: CENTRAL: AIQUILE, TOTORA",-17.731,-65.431,24,6.6,105,150,
1998,6,27,13,55,"TURKEY: ADANA, CEYHAN",36.878,35.307,33,6.3,145,1500,550
1998,7,9,5,19,"AZORES: FAIAL, PICO, TERCEIRA",38.65,-28.626,10,6.2,10,100,72
1998,7,17,4,51,"TAIWAN: CHIA-I, TAINAN, HUALIEN, KAO-HSIUNG",23.407,120.736,13,5.7,5,27,
1998,8,4,18,59,"ECUADOR: BAHIA DE CARAQUEZ, CANOA",-0.593,-80.393,33,7.2,3,40,
1998,8,27,9,3,CHINA: SOUTHERN XINJIANG: JIASHI,39.66,77.343,33,6.4,3,7,
1998,9,29,22,14,"BALKANS NW: SERBIA: BELGRADE, LJIG, VALJEVO",44.209,20.08,10,5.5,1,17,
1998,11,13,13,1,IRAN: SOUTHERN: BIGHERD-KHONJ,27.791,53.608,33,5.4,5,105,
1998,11,19,11,38,"CHINA: SICHUAN PROVINCE: HUAPING, LIJIANG, NINGLAG",27.308,101.029,33,5.6,5,1543,70
1998,11,29,14,10,"INDONESIA: MANGOLE, MANADO, TALIABU",-2.071,124.891,33,7.7,41,107,200
1999,1,25,18,19,"COLOMBIA: ARMENIA, CALARCA, PEREIRA, CALDAS, HUILA",4.461,-75.724,17,6.2,1185,4750,1857.366
1999,2,11,14,8,"AFGHANISTAN: LOWGAR, VARDAK, KABUL",34.259,69.364,33,6,70,500,
1999,3,28,19,5,"INDIA: CHAMOLI, RUDRAPRAYAG, TEHRI GARHWAL",30.512,79.403,15,6.6,100,394,70
1999,4,3,6,17,"PERU: CAMANA, AREQUIPA",-16.66,-72.662,87,6.8,1,50,
1999,5,6,23,0,IRAN: SOUTHERN: FARS PROVINCE,29.501,51.88,33,6.2,26,100,
1999,6,4,9,12,"AZERBAIJAN: AGDAS, UCAR, AGALI",40.802,47.448,33,5.4,1,18,5
1999,6,15,20,42,"MEXICO: PUEBLA, VERACRUZ, OAXACA, MORELOS, GUERRERO",18.386,-97.436,70,7,20,200,226.8
1999,7,11,14,14,GUATEMALA: IZABAL-PUERTO BARRIOS; HONDURAS: W,15.782,-88.33,10,6.7,2,40,
1999,7,22,10,42,"BANGLADESH: MAHESHKHALI ISLAND, COX'S BAZAAR",21.544,91.895,10,4.2,6,200,
1999,8,17,0,1,"TURKEY: ISTANBUL, KOCAELI, SAKARYA",40.76,29.97,13,7.6,17118,50000,20000
1999,8,31,8,10,TURKEY: IZMIT,40.711,29.949,10,5.2,1,166,
1999,9,7,11,56,GREECE: ATHENS,38.119,23.605,10,6,143,1600,4200
1999,9,13,11,55,TURKEY: ADAPAZARI-GOLUCK-KOCAELI,40.709,30.045,13,5.8,7,422,
1999,9,20,17,47,"TAIWAN: NANTOU, TAICHUNG, TAIZHONG",23.772,120.982,33,7.7,2297,8700,14000
1999,9,30,16,31,MEXICO: OAXACA,16.059,-96.931,61,7.5,35,215,164.8
1999,10,22,2,18,TAIWAN: CHIA-I,23.445,120.506,33,5.9,1,254,0.786
1999,11,11,14,41,"TURKEY: ADAPAZARI, KOCEALI, GOLCUK",40.744,30.266,22,5.7,2,171,
1999,11,12,16,57,"TURKEY: BOLU-DUZCE-KAYNASLI, ADAPAZARI, ZONGULDAK",40.758,31.161,10,7.2,894,4948,1000
1999,11,24,16,40,CHINA: YUNNAN PROVINCE: CHENGJIANG,24.589,102.872,33,4.6,1,5,
1999,11,26,13,21,VANUATU ISLANDS: PENTECOST,-16.423,168.214,33,7.5,5,100,
1999,12,3,17,6,"TURKEY: GORESKEN, ERZURUM PROVINCE",40.358,42.346,19,5.7,1,6,
1999,12,11,18,3,"PHILIPPINES: S LUZON: MANILA, SANTA CRUZ",15.766,119.74,33,7.3,5,40,1.794
1999,12,21,14,14,"INDONESIA: PANDEGLANG, W JAWA, SE SUMATERA",-6.845,105.555,56,6.5,5,220,3.9
1999,12,22,17,36,ALGERIA: NORTHERN: AIN TEMOUCHENT,35.321,-1.281,10,5.6,24,175,60.929
2000,1,14,23,37,CHINA: YUNNAN PROVINCE: YAOAN COUNTY,25.607,101.063,33,5.9,5,2528,73.5
2000,2,2,22,58,"IRAN: BARDASKAN, KASHMAR",35.288,58.218,33,5.3,1,15,
2000,5,4,4,21,"INDONESIA: SULAWESI: LUWUK, BANGGAI, PELENG,",-1.105,123.573,26,7.6,46,264,30
2000,5,17,3,25,TAIWAN: TAI-CHUNG COUNTY,24.223,121.058,10,5.4,3,13,
2000,6,4,16,28,"INDONESIA: SUMATRA: BENGKULU, ENGGANO",-4.721,102.087,33,7.9,103,2174,6
2000,6,6,2,41,"TURKEY: CERKES, CUBUK, ORTA",40.693,32.992,10,6,2,80,
2000,6,10,18,23,TAIWAN: NAN-TOU,23.843,121.225,33,6.4,2,36,
2000,7,6,19,30,NICARAGUA: MASAYA,11.884,-85.988,33,5.4,7,42,
2000,8,21,13,25,CHINA: YUNNAN PROVINCE: WUDING,25.826,102.194,33,4.2,1,406,43
2000,11,25,18,9,AZERBAIJAN: BAKU,40.245,49.946,50,6.8,31,430,
2000,12,15,16,44,TURKEY: AFYON-BOLVADIN,38.457,31.351,10,6,6,41,
2001,1,13,17,33,EL SALVADOR: DAMAGE & INJURIES IN EVERY DEPT.,13.049,-88.66,60,7.7,844,4723,753
2001,1,26,3,16,"INDIA: GUJARAT: BHUJ, AHMADABAD, RAJOKOT; PAKISTAN",23.419,70.232,16,7.7,20005,166836,2623
2001,2,13,14,22,EL SALVADOR: SAN JUAN TEPEZONTES-SAN VICENTE-COJUTEP,13.671,-88.938,10,6.6,315,3399,348.5
2001,2,23,0,9,"CHINA: SICHUAN PROVINCE: KANGDING, YAJIANG",29.513,101.129,33,5.6,3,109,
2001,2,28,18,54,"WASHINGTON: OLYMPIA, SEATTLE, TACOMA",47.149,-122.727,52,6.8,1,400,2000
2001,3,24,6,27,"JAPAN: HIROSHIMA, OKAYAMA, HONSHU, KAGAMA",34.083,132.526,50,6.8,2,161,500
2001,5,23,21,10,CHINA: YUNNAN: NINGLANG; SICHUAN: YANYUAN,27.689,101.003,33,5.5,2,605,36
2001,6,1,14,0,AFGHANISTAN: HINDU KUSH: PARVAN,35.169,69.389,62,5,4,20,
2001,6,23,20,33,"PERU: AREQUIPA, MOQUEGUA, TACNA, AYACUCHO",-16.265,-73.641,33,8.4,77,2713,
2001,7,7,9,38,"PERU: AREQUIPA, ARICA",-17.543,-72.077,33,7.6,1,30,
2001,8,9,2,6,PERU: ANTABAMA,-14.258,-72.683,33,5.8,4,15,
2001,10,27,5,35,CHINA: YUNNAN PROVINCE: YONGSHENG,26.316,100.648,10,5.6,1,220,
2002,1,9,6,45,TAJIKISTAN: ROGHUN,38.673,69.902,33,5.3,3,50,
2002,2,3,7,11,TURKEY: AFYON,38.573,31.271,5,6.5,44,318,
2002,2,17,13,3,IRAN: BAGHAN,28.093,51.755,33,5.4,1,30,
2002,3,5,21,16,PHILIPPINES: MINDANAO,6.033,124.249,31,7.5,15,100,1.714
2002,3,25,14,56,"AFGHANISTAN: HINDU KUSH: BAGHLAN, NAHRIN",36.062,69.315,8,6.1,1000,200,
2002,3,31,6,52,TAIWAN: TAIPEI,24.279,122.179,33,7.1,5,200,
2002,4,12,4,0,TAJIKISTAN; AFGHANISTAN: DO ABI-NAHRIN,39.959,69.417,10,5.9,50,150,
2002,4,24,10,51,BALKANS NW: KOSOVO; MACEDONIA: N,42.436,21.466,10,5.7,1,60,
2002,4,24,19,48,IRAN: WESTERN: KERMANSHAH,34.642,47.4,33,5.4,2,56,
2002,4,25,17,41,GEORGIA: TBILISI,41.765,44.96,10,4.3,5,52,
2002,6,22,2,58,IRAN: AB GARM-ABHAR-AVAJ-SHIRIN SU,35.626,49.047,10,6.5,261,1300,300
2002,9,6,1,21,ITALY: SICILY: PALERMO,38.381,13.701,5,6,2,20,500
2002,9,8,18,44,"PAPUA NEW GUINEA: KAIRIRU IS, MUSCHU IS, WEWAK",-3.26,142.94,13,7.6,4,70,
2002,10,10,10,50,"INDONESIA: NEW GUINEA: MANOKWARI, ORANSBARI, RANSIKI",-1.757,134.297,10,7.6,8,632,
2002,10,31,10,32,"ITALY: SAN GUILIANO DI PUGLIA, CAMPOBASSO",41.789,14.872,10,5.7,29,135,796
2002,11,1,22,9,PAKISTAN: GILGIT,35.517,74.654,33,5.4,11,40,
2002,11,2,1,26,INDONESIA: SUMATERA: SIMEULUE,2.824,96.085,30,7.3,3,65,
2002,11,20,21,32,"PAKISTAN: DASHKIN, DOIAN, MUSHKIN",35.414,74.515,33,6.3,19,40,
2003,1,22,2,6,"MEXICO: VILLA DE ALVAREZ, COLIMA, TECOMAN, JALISCO",18.77,-104.104,24,7.5,29,300,
2003,2,24,2,3,CHINA: S. XINJIANG: BACHU,39.61,77.23,11,6.3,261,4000,
2003,3,25,2,53,INDONESIA: FLORES: REO,-8.294,120.743,33,6.5,4,20,
2003,5,1,0,27,TURKEY: BINGOL,39.007,40.464,10,6.4,177,521,
2003,5,4,15,44,CHINA: S. XINJIANG: YOPURGA,39.43,77.219,10,5.8,1,3,
2003,5,21,18,44,"ALGERIA: ALGIERS, BOUMERDES, REGHIA, THENIA",36.964,3.634,12,6.8,2266,10261,5000
2003,5,26,19,23,"INDONESIA: MOROTAI, BEREBERE, DARUBA",2.354,128.855,31,7,1,7,
2003,5,27,17,11,"ALGERIA: ALGIERS, BOUMERDES, REGHAIA",36.939,3.578,8,5.7,9,200,
2003,7,10,17,6,IRAN: SOUTHERN: GAJJIABAD,28.355,54.169,10,5.8,1,25,
2003,7,21,15,16,CHINA: YUNNAN PROVINCE,25.975,101.29,10,5.9,16,584,75
2003,7,26,23,18,BANGLADESH: RANGAMATI,22.854,92.306,10,5.7,2,25,
2003,8,16,10,58,"CHINA: NEI MONGOL: LINDONG, TIANSHAN",43.77,119.643,24,5.4,4,1000,
2003,9,22,4,45,"DOMINICAN REPUBLIC: PUERTO PLATA, SANTIAGO",19.777,-70.673,10,6.4,3,15,
2003,9,27,11,33,"RUSSIA: KOSH-AGACH, UST'-ULAGAN, ONGUDAI, SHEBALINO",50.038,87.813,16,7.3,3,5,10.6
2003,10,16,12,28,CHINA: YUNNAN PROVINCE: DAYAO,25.954,101.254,33,5.6,3,32,
2003,10,25,12,41,"CHINA: GANSU PROVINCE: MINLE, SHANDAN",38.4,100.951,10,5.8,9,43,40
2003,11,13,2,35,"CHINA: GANSU PROVINCE: JONE, LINTAN, MINXIAN",34.712,103.834,10,5.1,1,30,
2003,11,14,18,49,"CHINA: YUNNAN PROVINCE: LUDIAN, ZHAOTONG",27.372,103.971,33,5.6,4,65,
2003,11,18,17,14,PHILIPPINES: SAMAR: CAN-AVID,12.025,125.416,35,6.5,1,21,
2003,12,1,1,38,CHINA: XINJIANG: ZHAOSU,42.905,80.515,10,6,11,47,
2003,12,22,19,15,"CALIFORNIA: PASO ROBLES,TEMPLETON,ATASCADERO",35.706,-121.102,8,6.6,2,40,300
2003,12,25,7,11,PANAMA-COSTA RICA: PUERTO ARMUELLES,8.416,-82.824,33,6.5,2,75,
2003,12,26,1,56,"IRAN: SOUTHEASTERN: BAM, BARAVAT",28.995,58.311,10,6.6,31000,30000,32.7
2004,1,1,20,59,"INDONESIA: BALI, LOMBOK",-8.31,115.788,45,5.8,1,29,12
2004,2,5,21,5,INDONESIA: NABIRE,-3.615,135.538,17,7,37,682,1
2004,2,14,10,30,"PAKISTAN: BALAKOT, BATGRAM, MANSEHRA",34.774,73.216,11,5.4,24,40,
2004,2,16,14,44,INDONESIA: SUMATRA: PADANGPANJANG,-0.466,100.655,56,5.1,5,7,
2004,2,24,2,27,"MOROCCO: AL HOCEIMA, IMZOURENE, BENI ABDALLAH",35.142,-3.997,0,6.4,628,926,400
2004,4,5,21,24,"AFGHANISTAN: HINDU KUSH: KABUL, SAMANGAN; PAKISTAN",36.512,71.029,187,6.5,3,5,
2004,5,1,7,56,TAIWAN: HUALIEN: TAROKO GORGE NATIONAL PARK,24.081,121.611,45,5.2,2,1,
2004,5,8,20,11,PAKISTAN: QUETTA,30.126,67.121,10,4.5,1,30,
2004,5,28,12,38,"IRAN: MAZANDARAN, QAZVIN, TEHRAN",36.29,51.61,17,6.3,35,400,165
2004,7,1,22,30,TURKEY: DOGUBEYAZIT,39.766,43.979,5,5.1,18,21,
2004,7,12,13,4,"SLOVENIA: BOVEC, KOBARID",46.296,13.641,8,5.2,1,5,
2004,7,18,4,22,"NEW ZEALAND: NORTH ISLAND: ROTORUA, TAURANGA",-38,176.51,5,5.4,1,2,
2004,7,18,8,31,AFGHANISTAN: PAKTIA PROVINCE,33.426,69.524,10,5.2,2,40,
2004,7,30,7,14,TURKEY: DOGUBEYAZIT,39.634,43.966,5,4,1,5,
2004,8,10,10,26,CHINA: YUNNAN PROVINCE: LUDIAN,27.266,103.873,6,5.4,4,600,50
2004,8,11,15,48,"TURKEY: ELAZIG, SIVRICE",38.377,39.261,7,5.7,1,11,
2004,10,23,8,56,JAPAN: HONSHU: NIIGATA PREFECTURE,37.226,138.779,16,6.6,40,3183,28000
2004,11,11,21,26,INDONESIA: KEPULAUAN ALOR,-8.152,124.868,10,7.5,34,400,
2004,11,21,11,41,"GUADELOUPE: BASSE-TERRE, LES SAINTES",15.679,-61.706,14,6.3,1,12,
2004,11,26,2,25,INDONESIA: NABIRE,-3.609,135.404,10,7.1,32,130,55
2005,1,23,20,10,INDONESIA: SULAWESI: PALU,-1.198,119.933,11,6.3,1,4,
2005,1,25,16,44,TURKEY: HAKKARI,37.622,43.703,41,5.9,2,22,
2005,2,22,2,25,IRAN: KERMAN PROVINCE: ZARAND,30.754,56.816,14,6.4,612,1411,
2005,3,9,10,15,"SOUTH AFRICA: KLERKSDORP, STILFONTEIN",-26.913,26.789,5,4.3,2,58,
2005,3,20,1,53,"JAPAN: KYUSHU: FUKUOKA, GENKAI",33.807,130.131,10,6.6,1,500,
2005,3,28,16,9,INDONESIA: SUMATERA: SW,2.085,97.108,30,8.6,1303,340,
2005,6,13,22,44,CHILE: TARAPACA,-19.987,-69.197,116,7.7,11,200,
2005,7,25,15,43,CHINA: DAQING,46.827,125.058,48,4.7,1,12,
2005,9,26,1,55,"PERU: LAMAS, CHACHAPOYAS, MOYOBAMBA, TARAPOTA",-5.678,-76.398,115,7.5,5,60,
2005,10,8,3,50,"PAKISTAN: MUZAFFARABAD, URI, ANANTNAG, BARAMULA",34.539,73.588,26,7.6,76213,146599,6680
2005,10,20,21,40,TURKEY: IZMIR,38.152,26.751,10,5.9,1,15,
2005,10,27,11,18,CHINA: GUANGXI PROVINCE,23.604,107.798,10,4.2,1,1,
2005,11,26,0,49,"CHINA: JIANGXI: JIUJIANG, RUICHANG",29.695,115.689,10,5.2,16,8000,
2005,11,27,10,22,"IRAN: QESHM, ZIRANG",26.774,55.858,10,6,13,100,
2005,12,12,21,47,"AFGHANISTAN: TILI, JALALABAD, BADAKHSHAN",36.357,71.093,225,6.5,5,1,
2005,12,14,7,9,"INDIA: JAUSARI, CHAMOLI, NANDPRAYAG",30.476,79.255,44,5.3,1,4,
2006,2,14,0,55,INDIA: SIKKIM,27.382,88.388,30,5.3,2,2,
2006,2,22,22,19,MOZAMBIQUE,-21.324,33.583,11,7,4,36,
2006,3,10,7,50,PAKISTAN: MIRPUR DISTRICT,33.129,73.887,10,4.9,1,22,
2006,3,20,19,44,ALGERIA: NORTHERN,36.623,5.328,10,4.9,4,9,
2006,3,25,7,28,IRAN: SOUTHERN,27.574,55.685,18,5.9,1,1,
2006,3,31,1,17,"IRAN: WESTERN: BORUJERD, DORUD",33.5,48.78,7,6.1,70,1300,
2006,5,26,22,53,"INDONESIA: JAVA: BANTUL, YOGYAKARTA",-7.961,110.446,13,6.3,5749,38568,3100
2006,6,3,7,15,IRAN: SOUTHERN: QESHM,26.759,55.843,5,5.1,2,4,
2006,7,22,1,10,CHINA: YANJIN,27.995,104.138,56,4.9,22,106,
2006,7,29,0,11,TAJIKISTAN: PANJ-QUMSANGIR,37.255,68.828,34,5.6,3,19,
2006,8,25,5,51,CHINA: SICHUAN PROVINCE,28.012,104.151,22,4.6,1,31,
2006,12,1,14,1,INDONESIA: SUMABAWA: BIMA,-8.251,118.777,43,6.3,1,14,
2006,12,17,21,39,"INDONESIA: SUMATERA: NORTHERN, MUARASIPONGI",0.626,99.859,30,5.8,7,100,
2006,12,26,12,26,TAIWAN: PINGTUNG,21.799,120.547,10,7,2,40,
2007,1,21,11,27,INDONESIA: MOLUCCA ISLANDS: N,1.065,126.282,22,7.5,4,4,
2007,3,6,3,49,INDONESIA: SUMATRA: SOUTHERN,-0.493,100.498,19,6.4,67,826,
2007,3,25,0,41,JAPAN: HONSHU: W COAST,37.336,136.588,8,6.7,1,150,
2007,6,2,21,34,CHINA: YUNNAN PROVINCE: NING'ER,23.028,101.052,5,6.1,3,329,310
2007,7,16,1,13,JAPAN: HONSHU: W COAST,37.57,138.478,10,6.6,9,1088,12500
2007,8,2,2,37,RUSSIA: TATAR STRAIT,47.116,141.798,5,6.2,2,12,
2007,8,15,23,40,"PERU: ICA, PISCO, LIMA",-13.386,-76.603,39,8,514,1090,
2007,8,17,0,38,UTAH,39.464,-111.207,0,1.6,3,6,
2007,9,12,11,10,INDONESIA: SUMATRA,-4.438,101.367,34,8.4,25,161,
2007,10,26,6,50,PAKISTAN: GHANCHE,35.304,76.753,10,4.8,1,12,
2007,11,6,9,38,INDIA: GUJARAT,21.181,70.724,10,5.1,1,5,
2007,11,14,15,40,"CHILE: TOCOPILLA, MARIA ELENA",-22.247,-69.89,40,7.7,2,65,
2007,11,29,19,0,MARTINIQUE,14.944,-61.274,156,7.4,1,102,
2007,12,9,2,3,BRAZIL: MINAS GERAIS,-15.048,-44.231,10,4.6,1,6,
2008,1,22,17,14,INDONESIA: SUMATRA: NIAS ISLAND: GUNUNGSITOLI,1.011,97.442,20,6.1,1,5,
2008,2,3,7,34,CONGO: BUKAVU,-2.296,28.9,10,5.9,38,717,
2008,2,6,6,9,INDIA: WEST BENGAL,23.433,87.111,10,4.3,1,50,
2008,2,14,2,7,RWANDA: GISENYI,-2.404,28.918,10,4.9,1,109,
2008,2,20,8,8,INDONESIA: SUMATERA: ACEH PROVINCE,2.768,95.964,26,7.4,3,25,
2008,5,12,6,28,CHINA: SICHUAN PROVINCE,31.002,103.322,19,7.9,87652,374171,86000
2008,5,25,8,21,CHINA: SICHUAN PROVINCE,32.57,105.424,10,6,8,927,
2008,6,6,20,2,ALGERIA: ORAN,35.883,-0.658,4,5.5,1,30,
2008,6,8,12,25,"GREECE: ACHAIA, ILEIA",37.963,21.525,16,6.3,2,240,
2008,6,13,23,43,JAPAN: HONSHU: TOKYO,39.03,140.881,8,6.9,13,357,
2008,7,23,15,26,JAPAN: HONSHU: N,39.802,141.464,108,6.8,1,200,
2008,7,24,7,9,CHINA: SICHUAN PROVINCE,32.747,105.542,10,5.6,1,17,
2008,8,5,9,49,CHINA: SICHUAN PROVINCE,32.756,105.494,6,6,4,29,
2008,8,21,12,24,CHINA: YUNNAN PROVINCE,25.044,97.684,1,6,5,127,
2008,8,30,8,30,CHINA: SICHUAN PROVINCE,26.272,101.937,17,5.9,43,589,
2008,9,10,11,0,IRAN: HORMOZGAN PROVINCE,26.743,55.828,12,6.1,7,45,
2008,9,16,21,47,INDIA: MAHARASHTRA,17.438,73.915,10,5,1,20,
2008,10,5,15,52,KYRGYZSTAN: NURA,39.533,73.824,27,6.6,74,140,
2008,10,6,8,30,CHINA: TIBET (XIZANG PROVINCE),29.807,90.35,12,6.3,9,19,
2008,10,11,9,6,RUSSIA: CAUCASUS: CHECHNYA,43.372,46.254,16,5.7,13,100,
2008,10,28,23,9,PAKISTAN: QUETTA,30.639,67.351,15,6.4,166,370,
2008,11,16,17,2,INDONESIA: MINAHASSA PENINSULA,1.271,122.091,30,7.3,6,77,
2008,12,9,18,53,CHINA: SICHUAN PROVINCE,32.518,105.395,25,4.5,2,3,
2009,1,3,19,43,PAPUA NEW GUINEA: NEAR NORTH COAST,-0.414,132.885,17,7.6,5,250,
2009,1,8,19,21,COSTA RICA: LA PAZ,10.165,-84.197,14,6.1,23,100,
2009,4,6,1,32,ITALY: L'AQUILA,42.334,13.334,9,6.3,309,1500,2500
2009,4,16,21,27,AFGHANISTAN: NANGARHAR,34.185,70.076,6,5.4,19,51,
2009,5,28,8,24,HONDURAS: NORTHERN; BELIZE,16.72,-86.236,10,7.3,7,40,
2009,8,8,13,26,CHINA: CHONGQING PROVINCE: RONGCHANG,29.358,105.438,10,3.4,2,1,
2009,8,10,20,7,JAPAN: HONSHU: S COAST,34.743,138.264,40,6.4,1,123,
2009,9,2,7,55,INDONESIA: JAVA,-7.782,107.297,46,7,81,1297,
2009,9,30,10,16,INDONESIA: SUMATRA: PADANG,-0.72,99.867,81,7.5,1117,1214,2200
2009,11,8,19,41,INDONESIA: SUMABAWA: BIMA,-8.207,118.631,18,6.6,2,200,2.43
2009,12,6,21,51,SOUTH AFRICA: CARLETONVILLE,-26.414,27.494,2,3.5,2,3,
2009,12,8,3,8,MALAWI: KARONGA,-9.948,33.878,8,5.9,1,15,
2009,12,19,23,19,MALAWI: KARONGA,-10.108,33.818,6,6,3,250,
2010,1,10,0,25,INDONESIA: JAVA: GARUT,-7.907,107.879,65,5.1,1,2,
2010,1,12,21,53,HAITI: PORT-AU-PRINCE,18.457,-72.533,13,7,316000,30000,8000
2010,1,17,9,37,CHINA: GUIZHOU PROVINCE,25.558,105.804,27,4.4,7,9,
2010,1,30,21,36,CHINA: SICHUAN PROVINCE: MOXI,30.268,105.668,10,4.7,1,15,
2010,2,27,6,34,"CHILE: MAULE, CONCEPCION, TALCAHUANO",-36.122,-72.898,23,8.8,402,12000,30000
2010,2,27,15,45,ARGENTINA: SALTA,-24.872,-65.602,10,6.3,2,2,
2010,3,8,2,32,"TURKEY: ELAZIG PROVINCE: OKCULAR, YUKARI DEMIRCI",38.864,39.986,12,6.1,51,100,
2010,4,4,22,40,MEXICO: BAJA CALIFORNIA,32.297,-115.278,4,7.2,2,233,1150
2010,4,13,23,49,CHINA: QINGHAI PROVINCE: YUSHU,33.165,96.548,17,6.9,2220,12135,500
2010,4,18,20,28,AFGHANISTAN: SAMANGAN PROVINCE,35.633,67.658,13,5.6,11,70,
2010,5,14,12,29,ALGERIA: NORTHERN: BENI YELLMAN,35.9,4.12,2,5.2,2,43,
2010,7,20,19,38,IRAN: FARSINAJ,27.022,53.861,10,5.8,1,32,
2010,8,27,19,23,IRAN: DAMGHAN-TORUD,35.49,54.47,7,5.7,3,200,
2010,9,27,11,22,IRAN: SHIRAZ,29.647,51.665,27,5.8,1,3,
2010,10,10,21,44,"PAKISTAN: KHANPUR, HARIPUR",33.869,72.887,33,5.2,1,15,
2010,11,3,0,56,BALKANS NW: SERBIA: KRALJEVO,43.76,20.673,1,5.5,2,100,
2010,12,20,18,41,IRAN: KERMAN,28.412,59.18,12,6.5,7,25,
2011,2,21,23,51,"NEW ZEALAND: CHRISTCHURCH, LYTTELTON",-43.583,172.68,6,6.1,181,1500,15000
2011,3,10,4,58,CHINA: YUNNAN PROVINCE: PINGYUAN,24.719,97.969,26,5.5,25,250,
2011,3,11,5,46,JAPAN: HONSHU,38.297,142.372,30,9.1,1475,6157,4401.709
2011,3,24,13,55,MYANMAR: TACHILEK,20.687,99.822,8,6.8,75,123,3.6
2011,4,7,14,32,JAPAN: NEAR E COAST HONSHU,38.276,141.588,42,7.1,3,132,
2011,5,19,21,12,TURKEY: SIMAV,39.12,29.04,7,4.3,2,125,
2011,6,13,2,20,NEW ZEALAND: SOUTH ISLAND: CANTERBURY,-43.564,172.743,6,6,1,45,3000
2011,7,19,19,35,"UZBEKISTAN: FARGONA, VIOLYATI",40.081,71.41,20,6.1,14,86,
2011,9,18,12,40,INDIA: SIKKIM,27.73,88.155,50,6.9,111,177,22.3
2011,10,23,10,41,"TURKEY: ERCIS, VAN",38.722,43.513,16,7.1,604,2608,1500
2011,10,28,18,54,PERU: SAN VICENTE DE CANETE,-14.438,-75.966,24,6.9,1,103,
2011,12,11,1,47,MEXICO: GUERRERO,17.844,-99.963,54,6.4,2,5,
2012,2,6,3,49,PHILIPPINES: NEGROS ORIENTAL PROVINCE,9.999,123.206,11,6.7,51,112,15
2012,3,20,18,2,"MEXICO: GUERRERO, OAXACA",16.493,-98.231,20,7.4,2,13,
2012,3,25,22,37,"CHILE: PARRAL, SANTIAGO",-35.2,-72.217,41,7.2,1,14,
2012,4,11,8,38,INDONESIA: N SUMATRA: OFF WEST COAST,2.327,93.063,20,8.6,10,12,
2012,5,29,7,0,"ITALY: EMILIA ROMAGNA: MEDOLLA, MIRANDOLA, CAVEZZO",44.851,11.086,10,5.9,17,350,15800
2012,6,11,5,29,AFGHANISTAN: HINDU KUSH,36.023,69.351,16,5.8,75,13,
2012,6,24,7,59,CHINA: YUNNAN AND SICHUAN PROVINCES,27.767,100.781,10,5.5,4,394,
2012,7,20,12,11,CHINA: JIANGSU PROVINCE,32.978,119.593,10,4.9,1,2,
2012,8,11,12,23,"IRAN: AHAR, HARIS, VARZAGAN",38.329,46.826,11,6.5,306,3000,
2012,8,18,9,41,"INDONESIA: SULAWESI: SIGI, PARIGI MOUNTONG",-1.315,120.096,10,6.3,6,43,
2012,8,31,12,47,"PHILIPPINES: CAGAYAN DE ORO, TACLOBAN",10.811,126.638,28,7.6,1,1,0.3
2012,9,5,14,42,COSTA RICA: NICOYA,10.085,-85.315,35,7.6,2,20,
2012,9,7,3,19,CHINA: YUNNAN PROVINCE: ZHAOTONG: YILIANG,27.575,103.983,10,5.6,81,821,1000
2012,11,7,16,35,"GUATEMALA: SAN MARCOS, SAN CRISTOBAL COCHU",13.988,-91.895,24,7.3,48,155,
2012,11,11,1,12,MYANMAR (BURMA): SHWEBO,23.005,95.885,14,6.8,26,230,
2012,12,5,17,8,IRAN: KHORASAN PROVINCE,33.506,59.571,14,5.7,8,12,
2013,1,21,22,22,INDONESIA: SUMATERA: N,4.927,95.907,12,6.1,1,15,
2013,3,27,2,3,"TAIWAN: NANTOU COUNTY, TAIPEI",23.828,121.215,19,6,1,86,1.128
2013,4,9,11,52,"IRAN: BUSHEHR PROVINCE: SHANBE, KAKI, SENA",28.428,51.593,12,6.3,37,850,
2013,4,16,10,44,IRAN; PAKISTAN: MASHKAL,28.033,61.996,80,7.7,40,300,
2013,4,18,0,50,TEXAS: WEST,31.817,-97.088,0,2.1,14,200,100
2013,4,20,0,2,CHINA: SICHUAN PROVINCE: LONGMEN,30.308,102.888,14,6.6,196,11470,
2013,4,24,9,25,AFGHANISTAN: KAMA,34.526,70.22,64,5.5,18,141,
2013,5,1,6,57,"INDIA: KASHMIR: DODA, KISHTWAR, RAMBAN",33.061,75.863,15,5.7,3,90,19.5
2013,5,11,2,8,IRAN: HORMOZGAN: BASHAGARD,26.56,57.77,15,6.1,2,20,
2013,6,2,5,43,TAIWAN: JENAI,23.789,121.141,17,6.3,4,21,
2013,7,2,7,37,INDONESIA: BANDA ACEH,4.645,96.665,13,6.1,42,2500,
2013,7,21,23,45,"CHINA: GANSU: DINGXI, MIN",34.512,104.262,8,6,94,1001,1968
2013,8,31,0,5,CHINA: YUNNAN PROVINCE: BENZILAN,28.243,99.35,8,5.8,5,24,
2013,9,7,0,13,"GUATEMALA: COATEPEQUE, QUETZALTENANGO",14.606,-92.121,66,6.4,1,11,
2013,9,24,11,30,"PAKISTAN: AWARAN, KECH",26.951,65.501,15,7.7,825,619,
2013,9,28,7,34,PAKISTAN: AWARAN,27.183,65.505,12,6.8,22,50,
2013,10,15,0,12,"PHILIPPINES: BOHOL, CEBU, SIQUIJOR IS",9.88,124.117,19,7.1,222,976,51.8
2013,10,22,5,40,INDONESIA: BANDA ACEH,5.103,95.971,10,5.5,1,2,
2013,11,28,13,51,IRAN: BORAZJAN,29.275,51.313,4,5.7,8,200,
2014,1,2,3,13,IRAN: BASTAK,27.15,54.448,8,5.3,1,30,
2014,4,10,23,27,"NICARAGUA: NAGAROTE, MANAGUA",12.403,-86.378,13,6.1,2,250,3
2014,5,5,11,8,THAILAND: CHIANG RAI,19.656,99.67,6,6.1,1,32,62
2014,5,8,22,52,PAKISTAN: NAWABSHAH,26.387,68.358,15,4.5,2,70,
2014,5,24,9,25,"GREECE, TURKEY",40.24,25.33,23,6.9,3,266,450
2014,7,7,11,23,MEXICO; GUATEMALA: SAN MARCOS,14.728,-92.578,67,6.9,3,33,
2014,7,29,10,46,MEXICO: OAXACA,17.682,-95.653,107,6.3,1,1,
2014,8,1,4,11,ALGERIA: ALGIERS,36.841,3.301,30,5.5,6,420,
2014,8,3,8,30,"CHINA: YUNNAN: LUDIAN: LONGTOUSHAN, ZHAOTONG",27.189,103.409,12,6.2,615,3143,
2014,8,5,10,23,SOUTH AFRICA: ORKNEY,-26.99,26.705,5,5.5,1,17,
2014,8,12,19,58,ECUADOR: QUITO,-0.018,-78.322,12,5.1,2,8,
2014,8,24,10,20,"CALIFORNIA: NAPA, VALLEJO",38.216,-122.312,11,6.1,1,257,700
2014,9,28,2,35,PERU: PARURO PROVINCE,-13.843,-71.695,10,5.1,8,6,
2014,10,7,13,50,CHINA: YUNNAN PROVINCE: YONGPING,23.383,100.47,9,6.1,1,323,
2014,11,22,8,55,CHINA: SICHUAN PROVINCE: GARZE,30.34,101.737,9,5.9,5,65,
2014,12,6,10,20,CHINA: YUNNAN PROVINCE: YONGPING,23.358,100.533,10,5.6,1,15,
2015,2,21,21,21,BALKANS NW: BOSNIA-HERZEGOVINA:,44.534,18.934,7,3.6,4,1,
2015,3,14,6,14,CHINA: ANHUI PROVINCE: FUYANG,33.15,115.8,10,4.6,2,13,
2015,4,20,1,42,TAIWAN: TAIPEI,24.203,122.316,29,6.4,1,1,
2015,4,25,6,12,NEPAL: KATHMANDU; INDIA; CHINA; BANGLADESH,28.231,84.731,8,7.8,8200,17866,10000
2015,5,12,7,6,NEPAL: DOLAKHA,27.809,86.066,15,7.3,117,2800,
2015,7,3,1,7,CHINA: S. XINJIANG: HOTAN,37.6,78.2,10,6.4,3,263,
2015,7,24,20,59,PAKISTAN: ABBOTTABAD,33.856,73.193,17,5.1,3,1,
2015,8,7,1,25,RWANDA: BUKAVU,-2.141,28.897,11,5.8,3,30,
2015,9,16,22,55,CHILE: CENTRAL,-31.573,-71.674,22,8.3,7,14,600
2015,10,17,11,33,ARGENTINA: GALPON,-25.442,-64.632,33,5.8,2,30,
2015,10,26,9,9,AFGHANISTAN: HINDU KUSH,36.524,70.368,231,7.5,399,1770,109
2015,11,17,7,10,"GREECE: LEFKADA, KEFALONIA, ITHACA",38.67,20.6,11,6.5,2,4,
2015,11,22,20,38,VENEZUELA: MERIDA,8.48,-71.42,5,5.1,1,3,
2015,12,25,19,14,AFGHANISTAN; PAKISTAN,36.494,71.126,206,6.3,4,97,
2016,1,3,23,5,INDIA: IMPAHL,24.804,93.651,55,6.7,13,100,75
2016,1,16,23,22,"INDONESIA: MALUKU: BURU, AMBALAU ISLAND",-3.873,127.229,4,5.6,1,22,
2016,1,25,4,23,MOROCCO: MELILLA,35.649,-3.682,12,6.3,1,26,
2016,2,5,19,57,TAIWAN: TAINAN,22.97,120.46,10,6.4,117,525,700
2016,4,10,10,29,AFGHANISTAN: KHYBER PAKHTUNKHWA,36.473,71.131,212,6.6,6,5,
2016,4,13,13,55,INDIA: ASSAM; BANGLADESH,23.094,94.865,136,6.9,2,170,
2016,4,15,16,25,"JAPAN: KUMAMOTO, OITA",32.791,130.754,10,7,50,1500,20000
2016,4,16,23,58,"ECUADOR: NEAR WEST COAST: MANABI, ESMERALDAS",0.35,-80.16,17,7.8,663,6274,3300
2016,5,18,16,47,ECUADOR: MANABI PROVINCE,0.495,-79.616,30,6.9,1,162,
2016,6,1,22,56,INDONESIA: SUMATRA: PESISIR SELATAN,-2.097,100.665,50,6.6,1,30,
2016,8,15,2,58,PERU: AREQUIPA,-15.64,-71.68,8,5.5,9,68,
2016,8,24,1,36,"ITALY: ACCUMOLI, ARQUATA, AMATRICE",42.704,13.238,4,6.2,299,368,5000
2016,8,24,10,34,MYANMAR (BURMA): CHAUK,20.923,94.569,82,6.8,4,20,10
2016,9,10,12,27,TANZANIA: LAKE VICTORIA; UGANDA: RAKAI,-1.036,31.618,40,5.9,23,252,458
2016,9,12,11,33,SOUTH KOREA: GYEONGJU,35.781,129.216,13,5.4,1,14,21
2016,9,28,16,49,NICARAGUA: LEON,12.442,-86.515,8,5.5,1,5,
2016,10,30,6,40,ITALY: NORCIA,42.84,13.11,9,6.6,2,20,200
2016,11,27,23,35,"NEPAL: MOUNT AMA DABLAM, CHARIKHARKA",27.802,86.532,10,5.4,1,1,
2016,11,29,20,9,POLAND: RUDNA,51.613,16.157,5,4.2,8,9,
2016,12,1,22,40,"PERU: PUNO, LAMPA",-15.44,-70.93,10,6.2,1,17,
2016,12,6,22,3,INDONESIA: SUMATRA: ACEH: PIDIE JAYA,5.283,96.168,13,6.5,104,857,100
2016,12,19,7,11,ECUADOR: ESMERALDAS,0.93,-79.84,6,5.4,3,47,
2017,1,6,2,33,IRAN: KHONJ,28.2,53.107,10,5,4,4,
2017,1,18,10,14,ITALY: FARINDOLA,42.529,13.282,9,5.7,34,11,18
2017,2,10,14,4,PHILIPPINES: SURIGAO DEL NORTE,9.907,125.452,15,6.5,8,202,40
2017,3,5,0,8,PHILIPPINES: SURIGAO DEL NORTE,9.831,125.496,11,5.7,1,45,
2017,3,13,14,20,MYANMAR (BURMA): THARRAWADDY,17.399,96,10,5.1,2,36,
2017,4,5,6,9,IRAN: SEFID SANG,35.776,60.436,13,6.1,2,11,
2017,4,10,23,54,"EL SALVADOR: SAN SALVADOR,SOYAPANGO",13.766,-89.155,10,4.8,1,3,
2017,5,10,21,58,"CHINA: XINJIANG: QUZGUN, TAXKORGAN TAJIK",37.643,75.31,8,5.4,8,23,123
2017,5,13,18,0,IRAN: KHORASAN,37.769,57.206,8,5.6,3,400,
2017,5,25,9,55,TANZANIA: MWANZA,-3.043,32.888,10,4.4,1,18,
2017,6,12,12,28,GREECE: LESBOS,38.93,26.365,12,6.3,1,15,
2017,6,14,7,29,"GUATEMALA: QUETZALTENANGO, SUCHITEPEQUEZ; MEXICO",14.909,-92.009,93,6.9,5,30,
2017,7,6,8,3,PHILIPPINES: LEYTE,11.127,124.629,11,6.5,4,448,5
2017,7,18,2,6,PERU: AREQUIPA,-16.416,-73.636,44,6.4,1,1,
2017,7,20,22,31,"TURKEY: BODRUM, DATCA; GREECE: KOS",36.929,27.414,7,6.6,2,500,
2017,8,8,13,19,CHINA: SICHUAN PROVINCE: ABA,33.193,103.855,9,6.5,25,525,500
2017,8,13,16,51,PERU: JUNIN,-10.721,-74.566,32,5.8,1,2,
2017,8,21,18,57,ITALY: ISCHIA ISLAND,40.783,13.939,3,4.2,2,42,
2017,9,8,4,49,"MEXICO: OAXACA, CHIAPAS, TABASCO; GUATEMALA",14.761,-94.103,46,8.2,98,251,4000
2017,9,19,18,14,"MEXICO: MEXICO CITY, MORELOS, PUEBLA",18.339,-98.68,39,7.1,369,6000,8000
2017,9,23,12,53,MEXICO: OAXACA,16.626,-95.078,10,6.1,5,7,
2017,11,12,18,18,IRAN: KERMANSHAH; IRAQ: KURDISTAN,34.911,45.959,19,7.3,630,12900,750
2017,12,15,16,47,INDONESIA: JAVA,-7.734,108.023,92,6.5,4,36,
2017,12,20,19,57,IRAN: ALBORZ,35.654,50.949,10,4.9,2,115,
2017,12,27,21,24,"IRAN: ALBORZ, TEHRAN",35.692,50.9,10,4,1,57,
2018,1,14,9,18,PERU: YAUCA,-15.776,-74.744,36,7.1,2,139,
2018,1,23,6,34,INDONESIA: JAVA: BANTEN,-7.196,105.918,44,6,1,11,
2018,1,31,7,7,AFGHANISTAN; PAKISTAN: BALUCHISTAN,36.543,70.816,191,6.1,2,15,
2018,2,6,15,50,TAIWAN: HUALIEN,24.174,121.653,11,6.4,17,291,
2018,2,25,17,44,"PAPUA NEW GUINEA: S HIGHLANDS, HELA; INDONESIA",-6.068,142.768,23,7.5,145,300,290
2018,4,18,6,28,INDONESIA: JAVA: BANJARNEGARA,-7.21,109.65,4,4.4,3,21,
2018,5,5,8,58,POLAND: SILESIAN: JASTRZEBIE-ZDROJ,50.11,18.71,10,4.1,5,2,
2018,6,5,18,40,AZERBAIJAN: SHAKI-ZAQATALA,41.526,46.785,24,5.3,1,31,
2018,6,17,22,58,JAPAN: OSAKA,34.833,135.612,11,5.5,5,380,7000
2018,7,21,7,58,INDONESIA: SUMATRA: SOLOK,-0.965,100.771,10,5.2,1,2,
2018,7,28,22,47,INDONESIA: LOMBOK ISLAND,-8.274,116.491,6,6.4,17,355,
2018,8,5,11,46,INDONESIA: LOMBOK ISLAND,-8.287,116.452,31,6.9,560,7733,509
2018,8,9,5,25,INDONESIA: LOMBOK ISLAND,-8.394,116.208,10,5.9,2,24,
2018,8,19,4,10,INDONESIA: LOMBOK ISLAND,-8.325,116.577,8,6.3,2,1,
2018,8,19,14,56,INDONESIA: LOMBOK ISLAND,-8.324,116.626,26,6.9,10,24,
2018,8,25,22,13,IRAN: KERMANSHAH,34.663,46.277,10,6,2,267,
2018,9,5,18,7,JAPAN: HOKKAIDO,42.671,141.933,33,6.6,44,660,2000
2018,9,7,6,23,IRAN: KERMAN,28.342,59.315,10,5.5,1,2,
2018,9,28,10,2,INDONESIA: SULAWESI,-0.178,119.84,10,7.5,4340,10679,1500
2018,10,7,0,11,HAITI: PORT-DEX-PAIX,20.041,-72.975,12,5.9,18,580,
2018,10,10,18,44,"INDONESIA: MADURA ISLAND, JAVA",-7.456,114.453,9,6,4,36,
2018,11,25,16,37,IRAN: KERMANSHAH; IRAQ: KURDISTAN,34.304,45.74,10,6.3,1,759,
2019,1,12,8,58,POLAND: RUDNA,51.52,16.09,2,3.8,1,6,
2019,1,22,22,35,POLAND: RYDULTOWY,50.08,18.39,10,3.4,1,8,
2019,2,22,10,17,"ECUADOR: AZUAY, MANABI, MORONA SANT.; PERU",-2.199,-77.023,132,7.5,1,9,
2019,2,25,5,15,CHINA: SICHUAN PROVINCE: RONGXIAN,29.498,104.632,10,4.9,2,12,2
2019,3,1,8,50,PERU: AREQUIPA,-14.684,-70.127,257,7,1,1,
2019,4,18,5,1,TAIWAN: HUALIEN,23.989,121.693,20,6.1,1,16,
2019,4,22,9,11,PHILIPPINES: PAMPANGA PROVINCE,14.924,120.497,20,6.1,18,183,50
2019,5,26,7,41,"PERU: LA LIBERTAD, CAJAMARCA; ECUADOR",-5.796,-75.298,110,8,2,30,
2019,5,30,9,3,EL SALVADOR: SAN SALVADOR,13.199,-89.306,58,6.6,1,1,
2019,6,17,14,55,CHINA: SICHUAN: YIBIN,28.405,104.957,10,5.8,13,200,1300
2019,7,8,7,0,IRAN: MASJED-E SOLEYMAN,31.775,49.542,10,5.7,1,128,
2019,7,9,12,37,"PHILIPPINES: MINDANAO: MAKILALA, TULUNAN",6.802,125.169,24,5.6,1,3,
2019,7,14,9,10,INDONESIA: MOLUCCA ISLANDS: N,-0.529,128.093,10,7.3,8,134,
2019,7,26,23,37,PHILIPPINES: BATANES: ITBAYAT,20.807,121.986,10,6,9,64,0.925
2019,8,2,12,3,INDONESIA: JAVA: BANTEN,-7.267,104.825,53,6.9,6,3,
2019,9,7,22,42,CHINA: SICHUAN PROVINCE: NEIJIANG,29.573,105.064,10,5.1,1,63,
2019,9,24,11,1,PAKISTAN: MIRPUR DISTRICT,33.106,73.766,10,5.6,39,746,17
2019,9,25,23,46,INDONESIA: MALUKU: AMBON,-3.45,128.347,18,6.5,31,179,
2019,9,26,10,59,TURKEY: ISTANBUL,40.89,28.173,10,5.7,1,34,
2019,10,10,4,39,INDONESIA: PASSO,-3.65,128.216,54,5,1,2,
2019,10,16,11,37,"PHILIPPINES: MINDANAO: COTABATO, DAVAO",6.712,125.005,14,6.4,7,215,
2019,10,29,1,4,"PHILIPPINES: MINDANAO: COTABATO, DAVAO",6.802,125.04,15,6.6,12,417,
2019,11,12,10,10,INDONESIA: MALUKU: AMBON,-3.61,128.299,50,5,2,3,
2019,11,14,16,17,INDONESIA: MOLUCCA ISLANDS: N,1.6,126.416,33,7.1,1,3,
2019,11,25,1,18,CHINA: GUANGXI PROVINCE,22.96,106.711,10,5,1,4,
2019,11,26,2,54,"ALBANIA: DURRES, THUMANE, TIRANA",41.521,19.559,20,6.4,51,2000,1081
2019,12,15,6,11,PHILIPPINES: MINDANAO: DAVAO,6.708,125.188,22,6.8,13,210,
2020,1,19,13,27,CHINA: XINJIANG PROVINCE,39.831,77.106,6,6,1,2,
2020,1,24,17,55,TURKEY: ELAZIG AND MALATYA PROVINCES,38.39,39.081,12,6.7,41,1600,
2020,2,23,16,0,TURKEY: VAN; IRAN,38.482,44.367,10,6,10,60,
2020,3,22,5,24,BALKANS NW: CROATIA: ZAGREB,45.897,15.966,10,5.4,1,27,6000
2020,5,7,20,18,"IRAN: TEHRAN, DAMAVAND",35.725,52.044,10,4.6,2,22,
2020,5,18,13,48,CHINA: YUNNAN PROVINCE: QIAOJIA,27.296,103.281,10,5.2,4,24,
2020,6,14,14,24,TURKEY: BINGOL,39.421,40.697,10,5.9,1,17,
